frequency_Hz,H_real,H_imag,gain_dB,phase_deg,abs_complex_error
1.0,0.9999605231408797,-0.006282937266758388,-0.0001714492049482957,-0.3599952627020995,1.1102569054260746e-16
1.0391223038351691,0.999957374002276,-0.0065287196867661965,-0.00018512630159675002,-0.37407871405503673,0.0
1.0797751623277096,0.9999539736629005,-0.006784115172650767,-0.00019989444248560333,-0.3887130945567028,0.0
1.1220184543019633,0.9999503020868659,-0.007049499503628174,-0.00021584065782156024,-0.4039199519786016,0.0
1.1659144011798317,0.9999463376405312,-0.00732526312292398,-0.00023305891933295134,-0.4197216763774534,0.0
1.2115276586285884,0.9999420569651433,-0.007611811706908433,-0.0002516506938028825,-0.4361415329603191,0.0
1.2589254117941673,0.9999374348393341,-0.007909566755942097,-0.0002717255407315321,-0.45320369622487205,1.734723475976807e-18
1.3081774742601942,0.9999324440306675,-0.008218966207713552,-0.0002934017576378122,-0.47093328542340573,1.1103585416259206e-16
1.3593563908785256,0.9999270551353685,-0.008540465073873188,-0.0003168070767912359,-0.4893564014009171,1.1103585416259206e-16
1.4125375446227544,0.999921236405292,-0.008874536100789221,-0.00034207941744465205,-0.5085001648593892,1.1103585416259206e-16
1.4677992676220695,0.9999149535611176,-0.009221670455274111,-0.00036936769804677707,-0.5283927561022463,1.1103585416259206e-16
1.525222956539019,0.9999081695906822,-0.009582378436151008,-0.0003988327131425679,-0.5490634563148333,0.0
1.5848931924611136,0.999900844531264,-0.009957190212550919,-0.00043064808013511485,-0.5705426904387176,1.734723475976807e-18
1.6468978654828685,0.9998929352345479,-0.010346656589851358,-0.00046500126149080437,-0.5928620716995822,1.1102230246251565e-16
1.7113283041617808,0.9998843951128981,-0.01075134980418663,-0.0005020946683518793,-0.6160544478505113,1.734723475976807e-18
1.7782794100389228,0.9998751738654601,-0.011171864346477718,-0.0005421468520305978,-0.640153949194529,1.1103585416259206e-16
1.847849797422291,0.9998652171824849,-0.011608817816946178,-0.0005853937904208515,-0.6651960384523536,1.1103585416259206e-16
1.9201419386388017,0.9998544664261626,-0.012062851811091263,-0.0006320902767873932,-0.6912175625434785,0.0
1.9952623149688795,0.9998428582860952,-0.012534632838121411,-0.0006825114191678341,-0.7182568063508383,0.0
2.073321573485955,0.9998303244074145,-0.01302485327284136,-0.0007369542590790983,-0.7463535485415284,1.1102230246251565e-16
2.154434690031884,0.999816790989371,-0.013534232342002253,-0.000795739519062207,-0.7755491195182428,0.0
2.2387211385683394,0.9998021783520763,-0.014063517146125297,-0.000859213489259234,-0.8058864615783204,1.1103585416259206e-16
2.326305067153626,0.9997864004688695,-0.014613483717807648,-0.0009277500640886016,-0.837410191359509,1.1102230246251565e-16
2.4173154808041035,0.9997693644616159,-0.015184938117513062,-0.0010017529408650478,-0.8701666646537647,1.1102230246251565e-16
2.51188643150958,0.9997509700560014,-0.015778717567837146,-0.0010816579932778124,-0.9042040436726075,0.0
2.610157215682537,0.9997311089936918,-0.016395691627218274,-0.0011679358334897724,-0.9395723668496925,1.1102230246251565e-16
2.712272579332028,0.9997096643979532,-0.017036763404038244,-0.0012610945778757036,-0.9763236212683826,1.1102230246251565e-16
2.8183829312644537,0.9996865100890888,-0.017702870812021255,-0.0013616828324790656,-1.014511817804136,1.1102230246251565e-16
2.9286445646252366,0.9996615098457592,-0.018394987867793876,-0.0014702929155314603,-1.0541930690734655,3.469446951953614e-18
3.0432198871077216,0.9996345166079453,-0.0191141260314115,-0.001587564335839993,-1.0954256702830876,0.0
3.1622776601683795,0.9996053716169974,-0.019861335590585946,-0.0017141875471855077,-1.1382701830745392,3.469446951953614e-18
3.285993247600654,0.99957390348786,-0.020637707089263487,-0.0018509080005382227,-1.1827895224610958,0.0
3.4145488738336014,0.9995399272081935,-0.021444372801099985,-0.001998530517571079,-1.229049046955129,1.1107649934270853e-16
3.548133892335755,0.9995032430587076,-0.022282508248257445,-0.0021579240107565734,-1.2771166519851085,1.1107649934270853e-16
3.686945064519575,0.9994636354485973,-0.023153333765802763,-0.0023300265773318002,-1.327062866702244,3.469446951953614e-18
3.831186849557288,0.9994208716595153,-0.024058116111820592,-0.002515850996505872,-1.3789609542771952,0.0
3.9810717055349722,0.9993747004910177,-0.02499817012315516,-0.002716490661555959,-1.4328870157873046,1.1102230246251565e-16
4.136820402388507,0.9993248507999026,-0.025974860416467987,-0.0029331259809211975,-1.4889200977943906,0.0
4.298662347082277,0.9992710299252975,-0.026989603134033886,-0.003167031284971849,-1.5471423037121534,1.1107649934270853e-16
4.466835921509632,0.9992129219907594,-0.02804386773339377,-0.0034195822780148646,-1.607638909060659,1.1102230246251565e-16
4.641588833612778,0.9991501860740087,-0.029139178819632974,-0.0036922640780424404,-1.6704984807030456,1.1107649934270853e-16
4.823178482239307,0.9990824542342523,-0.030277118018654032,-0.003986679890028588,-1.735813000156467,6.938893903907228e-18
5.011872336272722,0.9990093293863227,-0.03145932588935493,-0.004304560361990663,-1.8036779910651968,1.1102230246251565e-16
5.207948328595464,0.9989303830101061,-0.03268750387210329,-0.0046477736768109935,-1.8741926509186828,1.1123893155135927e-16
5.411695265464636,0.9988451526829242,-0.03396341627030335,-0.005018336436709269,-1.9474599870909426,6.938893903907228e-18
5.62341325190349,0.9987531394216771,-0.03528889226117965,-0.005418425401620958,-2.023586957269945,0.0
5.843414133735175,0.9986538048206633,-0.03666582793113785,-0.005850390147136034,-2.102684614336258,0.0
6.072021956909885,0.9985465679700442,-0.03809618833020005,-0.006316766712650818,-2.1848682557391297,1.1102230246251565e-16
6.309573444801933,0.9984308021389244,-0.03958200953903548,-0.00682029231546433,-2.2702575774050002,6.938893903907228e-18
6.5564184941797885,0.998305831205989,-0.04112540074100771,-0.007363921212102244,-2.358976832198037,1.1102230246251565e-16
6.812920690579613,0.9981709258195499,-0.04272854629041879,-0.007950841793997455,-2.4511549929342507,1.1102230246251565e-16
7.079457843841379,0.9980252992677398,-0.04439370776673624,-0.008584495010920758,-2.5469259199298833,0.0
7.3564225445964135,0.9978681030384194,-0.04612322600302132,-0.009268594222153821,-2.646428533040593,0.0
7.644222742526002,0.9976984220471898,-0.047919523075019115,-0.010007146582359006,-2.7498069881201617,1.1123893155135927e-16
7.943282347242816,0.9975152695106657,-0.04978510423540041,-0.010804476076629103,-2.8572108577955766,0.0
8.254041852680183,0.9973175814409502,-0.05172255977544044,-0.011665248326849512,-2.968795316418802,1.1102230246251565e-16
8.576958985908941,0.9971042107360044,-0.05373456679395662,-0.012594497299909834,-3.084721329014024,1.1123893155135927e-16
8.912509381337454,0.9968739208393844,-0.055823890850576395,-0.013597654056757044,-3.2051558439917307,1.1188630228279524e-16
9.261187281287935,0.9966253789416151,-0.05799338747734357,-0.014680577690530392,-3.3302719893473443,6.938893903907228e-18
9.623506263980884,0.9963571486943221,-0.06024600351925994,-0.015849588611269595,-3.460249272001227,0.0
10.0,0.9960676824071726,-0.06258477827057168,-0.017111504344580936,-3.5952737798681746,1.3877787807814457e-17
10.39122303835169,0.9957553126966966,-0.06501284436940566,-0.018473678021853353,-3.7355383861669766,1.1188630228279524e-16
10.797751623277094,0.9954182435552469,-0.06753342840870667,-0.019944039749890643,-3.8812429553933665,1.1188630228279524e-16
11.220184543019636,0.9950545408077109,-0.07014985121628133,-0.021531141058752593,-4.032594550281677,1.3877787807814457e-17
11.659144011798316,0.9946621219231945,-0.07286552775107598,-0.02324420263723765,-4.189807638970557,0.0
12.115276586285882,0.9942387451488038,-0.07568396655656841,-0.02509316557656864,-4.3531043014652075,1.1102230246251565e-16
12.589254117941675,0.9937819979329329,-0.07860876870528424,-0.02708874635366243,-4.522714434350971,1.1188630228279524e-16
13.081774742601942,0.9932892846061981,-0.08164362616092824,-0.02924249579613857,-4.698875952560064,1.1102230246251565e-16
13.593563908785255,0.9927578132894618,-0.08479231947639967,-0.0315668622817343,-4.881834986822614,1.1102230246251565e-16
14.12537544622754,0.9921845820003579,-0.08805871473700445,-0.03407525943445411,-5.071846075243685,1.3877787807814457e-17
14.677992676220699,0.9915663639324787,-0.09144675964845263,-0.0367821385891718,-5.269172347238159,1.1188630228279524e-16
15.25222956539019,0.9908996918851227,-0.09496047865871103,-0.03970306630412684,-5.474085697823006,1.1188630228279524e-16
15.848931924611133,0.9901808418263093,-0.09860396699144978,-0.04285480720761441,-5.686866950010374,1.1102230246251565e-16
16.468978654828682,0.989405815577929,-0.10238138345667279,-0.04625541246973189,-5.907806002762771,1.3877787807814457e-17
17.11328304161781,0.988570322619564,-0.10629694189117227,-0.049924314192656416,-6.137201961662084,1.1102230246251565e-16
17.78279410038923,0.9876697610169543,-0.11035490106772261,-0.05388242601254975,-6.375363249105154,1.1188630228279524e-16
18.478497974222908,0.9866991974925843,-0.11455955289749688,-0.058152250202268094,-6.622607690468698,1.1102230246251565e-16
19.20141938638801,0.9856533466696986,-0.11891520873513818,-0.06275799155603813,-6.8792625722839995,0.0
19.952623149688797,0.984526549537567,-0.12342618358038811,-0.06772567832421586,-7.1456646680258045,1.1443916996305594e-16
20.733215734859552,0.9833127512053808,-0.12809677795434815,-0.07308329044697627,-7.422160226649183,1.1102230246251565e-16
21.544346900318832,0.9820054780351387,-0.13293125721258114,-0.07886089530976449,-7.709104918502962,0.0
22.3872113856834,0.9805978142707004,-0.13793382804165752,-0.08509079120874194,-8.006863732707869,1.1443916996305594e-16
23.263050671536263,0.9790823783112892,-0.1431086118708405,-0.0918076586704106,-8.315810819514132,1.1443916996305594e-16
24.173154808041037,0.977451298813536,-0.14845961491687776,-0.09904871971427533,-8.636329270547783,1.1443916996305594e-16
25.118864315095795,0.9756961908471387,-0.15399069456795986,-0.10685390507945002,-8.968810829221317,1.1102230246251565e-16
26.101572156825373,0.9738081323758025,-0.15970552180358086,-0.115266029353409,-9.313655522927244,0.0
27.12272579332028,0.9717776413877104,-0.16560753934120562,-0.12433097384193627,-9.67127120795917,0.0
28.183829312644534,0.9695946540587103,-0.17169991519939717,-0.13409787690168473,-10.042073017422991,0.0
29.286445646252357,0.9672485043969511,-0.17798549137166383,-0.1446193313181779,-10.426482701722254,1.1102230246251565e-16
30.432198871077222,0.964727905889965,-0.18446672731722605,-0.15595158815073934,-10.82492785054121,2.7755575615628914e-17
31.622776601683793,0.9620209357541625,-0.1911456379958697,-0.16815476627912335,-11.237840984624151,2.7755575615628914e-17
32.85993247600654,0.9591150224720449,-0.19802372620596165,-0.18129306667267361,-11.665658505082833,0.0
34.145488738336006,0.9559969373936404,-0.20510190902968278,-0.19543499015921495,-12.108819487480543,0.0
35.48133892335755,0.9526527912746883,-0.21238043824993255,-0.21065355719632053,-12.56776430757427,1.1443916996305594e-16
36.869450645195755,0.9490680367235801,-0.21985881468167073,-0.22702652784008046,-13.04293308538064,1.1443916996305594e-16
38.311868495572874,0.9452274776299866,-0.22753569645934668,-0.24463661976585283,-13.53476393421038,1.1102230246251565e-16
39.810717055349734,0.9411152867478173,-0.23540880144419205,-0.2635717218209938,-14.043691001537242,1.1443916996305594e-16
41.36820402388507,0.9367150327002708,-0.2434748040631749,-0.2839251001827165,-14.570142289085242,1.1102230246251565e-16
42.986623470822764,0.9320097177609176,-0.2517292270677613,-0.30579559375695997,-15.114537240392206,1.1102230246251565e-16
44.6683592150963,0.9269818278368045,-0.2601663289073771,-0.32928779499036837,-15.677284085402441,2.220446049250313e-16
46.4158883361278,0.921613396131175,-0.26877898765107533,-0.3545122117827951,-16.258776933425654,0.0
48.23178482239307,0.9158860819872202,-0.27755858266196554,-0.3815854056904986,-16.85939260814401,5.551115123125783e-17
50.11872336272722,0.9097812664019548,-0.2864948755318499,-0.41063010111054793,-17.479487221325137,0.0
52.07948328595462,0.9032801656414853,-0.2955758921160118,-0.4417752596488532,-18.11939248557361,5.551115123125783e-17
54.116952654646376,0.896363964275504,-0.3047878078660743,-0.47515611341438274,-18.77941177088897,1.2412670766236366e-16
56.23413251903491,0.8890139687692372,-0.3141148390356732,-0.5109141505707816,-19.459815915042324,5.551115123125783e-17
58.434141337351754,0.8812117825146668,-0.3235391427199969,-0.549197046137656,-20.160838803869325,1.2412670766236366e-16
60.72021956909884,0.8729395028396093,-0.3330407290734047,-0.5901585307945205,-20.882672744510813,2.220446049250313e-16
63.09573444801933,0.8641799400944487,-0.3425973894132931,-0.6339581903312129,-21.625463662391553,1.5700924586837752e-16
65.56418494179789,0.85491685837554,-0.3521846442433812,-0.6807611884426228,-22.389306161247095,0.0
68.12920690579611,0.8451352367984992,-0.36177571549240817,-0.7307379058172383,-23.174238494679784,0.0
70.79457843841377,0.8348215494852829,-0.37134152743838694,-0.784063488953304,-23.9802375073814,0.0
73.56422544596414,0.8239640615835951,-0.3808507408450988,-0.8409173028869472,-24.80721361407505,5.551115123125783e-17
76.44222742526001,0.8125531377103463,-0.3902698247461841,-0.9014822830627834,-25.65500589411198,5.551115123125783e-17
79.43282347242814,0.800581558225436,-0.39956317004294684,-0.9659441829433656,-26.523377389150895,0.0
82.54041852680186,0.788044837729996,-0.4086932486071923,-1.0344907156535303,-27.412010700025018,0.0
85.76958985908941,0.7749415391856073,-0.4176208208773232,-1.1073105899916402,-28.320503986290277,0.0
89.12509381337455,0.761273576118185,-0.42630519398948796,-1.1845924434989414,-29.24836747752254,0.0
92.61187281287933,0.7470464945601967,-0.4347045312916794,-1.2665236779296078,-30.195020608654062,1.2412670766236366e-16
96.23506263980887,0.7322697257611681,-0.44277621265694905,-1.3532892053562262,-31.15978989197146,1.2412670766236366e-16
100.0,0.7169568003248977,-0.45047724336838857,-1.445070116205287,-32.14190763534206,0.0
103.9122303835169,0.7011255143761439,-0.4577647075375422,-1.5420422836500627,-33.140511609372815,0.0
107.97751623277094,0.6847980386763515,-0.46459626010265487,-1.6443749218787986,-34.15464575523269,5.551115123125783e-17
112.2018454301963,0.6680009623407709,-0.4709306495149524,-1.7522291186729044,-35.183262009643734,0.0
116.59144011798311,0.6507652639828726,-0.4767282613566922,-1.865756365329196,-36.225223304120604,1.2412670766236366e-16
121.15276586285889,0.6331262047269488,-0.4819516714516079,-1.9850971090943577,-37.279307772192375,1.5700924586837752e-16
125.89254117941675,0.615123139558601,-0.4865661956385491,-2.110379354805702,-38.344214171595084,1.5700924586837752e-16
130.81774742601942,0.596799245867322,-0.4905404223909766,-2.24171734322029,-39.41856849904627,5.551115123125783e-17
135.93563908785256,0.5782011706870763,-0.4938467139742561,-2.379210333460554,-40.500931744191384,1.2412670766236366e-16
141.2537544622754,0.5593786009437443,-0.49646166191354957,-2.5229415160376405,-41.58980869783142,0.0
146.7799267622069,0.5403837638351561,-0.49836648324150606,-2.6729770810065077,-42.68365769890882,1.2412670766236366e-16
152.5222956539018,0.5212708671500393,-0.49954734531442097,-2.8293654629785774,-43.78090117631456,5.551115123125783e-17
158.48931924611142,0.5020954917241714,-0.4999956088951521,-2.9921367810405437,-44.879936816726826,0.0
159.15494309189535,0.5,-0.5,-3.0102999566398116,-45.0,0.0
164.6897865482869,0.48291395019285965,-0.4997079816272578,-3.1613024872209694,-45.979149169620534,1.5700924586837752e-16
171.1328304161781,0.463782627607407,-0.49868657685662265,-3.33685523217532,-47.07692148632275,5.551115123125783e-17
177.82794100389228,0.44475732025042297,-0.4969388758530425,-3.518768951424028,-48.17164758226713,7.850462293418876e-17
184.78497974222907,0.42589258906135713,-0.4944775946834914,-3.706999170001203,-49.26174351083335,2.0014830212433607e-16
192.0141938638801,0.4072411434646034,-0.49132046012174757,-3.9014835179852145,-50.34565884338107,1.2412670766236366e-16
199.52623149688787,0.38885327011772247,-0.4874899018815425,-4.102142444313453,-51.421887362976804,1.2412670766236366e-16
207.3321573485954,0.370776319247765,-0.483012670985808,-4.308880111738157,-52.48897699819247,5.551115123125783e-17
215.44346900318845,0.35305425893426795,-0.47791939611470347,-4.521585451931499,-53.54553884726171,7.850462293418876e-17
223.872113856834,0.3357273050670977,-0.47224409122770566,-4.7401333567267425,-54.59025517062827,0.0
232.63050671536263,0.31883163190713654,-0.4660236285882603,-4.964385979370488,-55.621886260185306,1.5700924586837752e-16
241.73154808041036,0.30239916535950395,-0.4592971915322141,-5.194194118489462,-56.639276124915234,0.0
251.18864315095797,0.28645745837350983,-0.4521057209499773,-5.429398657226563,-57.64135696386774,1.2412670766236366e-16
261.0157215682536,0.2710296454321051,-0.444491368565299,-5.669832030613108,-58.627152427241455,5.551115123125783e-17
271.2272579332027,0.2561344709810576,-0.4364969687825007,-5.915319695618971,-59.595779693729035,1.5700924586837752e-16
281.8382931264455,0.24178638493931442,-0.4281655392453859,-6.165681580335729,-60.54645041642642,5.551115123125783e-17
292.8644564625237,0.22799569716118168,-0.4195398184167606,-6.420733491258122,-61.47847060992109,6.206335383118183e-17
304.3219887107722,0.2147687818932327,-0.4106618465566648,-6.680288460489244,-62.39123956732955,0.0
316.2277660168379,0.20210832286437816,-0.4015725945496362,-6.944158017759003,-63.28424790794933,6.206335383118183e-17
328.59932476006543,0.19001358962627773,-0.3923116431914993,-7.212153375279665,-64.15707486393154,0.0
341.4548873833601,0.17848073606910844,-0.3829169138616597,-7.484086516546706,-65.00938491823383,2.7755575615628914e-17
354.8133892335753,0.1675031126119462,-0.37342445002604724,-7.759771183129111,-65.84092390648131,2.7755575615628914e-17
368.69450645195735,0.1570715843419131,-0.3638682477686592,-8.039023756202232,-66.6515146927271,7.850462293418876e-17
383.1186849557289,0.1471748482874333,-0.35428013254909496,-8.321664032002813,-67.44105252399629,1.3877787807814457e-16
398.1071705534973,0.13779974399898404,-0.34468967862818073,-8.607515892493788,-68.20950016146014,6.206335383118183e-17
413.68204023885073,0.1289315526235414,-0.3351241670808365,-8.896407874300294,-68.95688287764914,5.551115123125783e-17
429.86623470822764,0.12055428065325084,-0.3256085780034489,-9.188173640415712,-69.68328339975993,0.0
446.683592150963,0.11265092547072164,-0.31616561239532603,-9.48265236029129,-70.38883686928224,1.2412670766236366e-16
464.15888336127773,0.1052037206780227,-0.30681573922066524,-9.779689004735335,-71.07372587823563,0.0
482.3178482239304,0.0981943599676047,-0.2975772633084678,-10.079134562587766,-71.73817563257155,0.0
501.18723362727246,0.09160419896210754,-0.2884664099936389,-10.380846186435303,-72.38244928400344,0.0
520.7948328595464,0.08541443501360704,-0.2794974227160482,-10.684687274726766,-73.00684346285365,0.0
541.1695265464638,0.07960626541346194,-0.27068267015156955,-10.990527497571676,-73.61168403657497,5.721958498152797e-17
562.341325190349,0.07416102482735974,-0.2620327598295974,-11.298242773291475,-74.19732211148623,0.0
584.3414133735175,0.06906030304469674,-0.2535566555783369,-11.60771520247341,-74.76413028899108,1.3877787807814457e-17
607.2021956909883,0.06428604432692049,-0.2452617965189803,-11.918832965879197,-75.31249918212295,3.1031676915590914e-17
630.957344480193,0.05982062976643358,-0.23715421569261816,-12.231490192109643,-75.8428341936503,3.469446951953614e-17
655.6418494179785,0.055646944136743474,-0.22923865674223803,-12.545586800442647,-76.35555255314132,5.721958498152797e-17
681.2920690579615,0.051748428735982316,-0.22151868738176309,-12.861028323764028,-76.85108060726301,6.938893903907228e-18
707.945784384138,0.048109121709238714,-0.21399680866219564,-13.177725716011338,-77.32985135511387,2.8609792490763984e-17
735.6422544596413,0.04471368728893995,-0.20667455929060752,-13.495595148063142,-77.79230221848877,3.1031676915590914e-17
764.4222742526002,0.04154743532437838,-0.1995526144713343,-13.814557795536892,-78.23887303557805,6.938893903907228e-18
794.3282347242813,0.038596332387886935,-0.19263087892155475,-14.134539621515355,-78.67000426564339,0.0
825.4041852680182,0.035847005651614215,-0.18590857386744525,-14.45547115680773,-79.0861353916222,2.7755575615628914e-17
857.6958985908936,0.033286740629817554,-0.17938431795466628,-14.777287279969883,-79.48770350733103,6.938893903907228e-18
891.2509381337459,0.03090347378067897,-0.17305620211066075,-15.099926998960182,-79.87514207591099,3.469446951953614e-18
926.1187281287937,0.02868578086167073,-0.16692185847883115,-15.423333235992498,-80.24887984633486,2.964296775167217e-17
962.3506263980887,0.02662286183556597,-0.1609785236087421,-15.74745261686659,-80.60933991513406,2.8609792490763984e-17
1000.0,0.024704523031857644,-0.15522309613464763,-16.072235265805517,-80.95693892096232,3.469446951953614e-18
1039.122303835169,0.022921157181654668,-0.14965218920920786,-16.397634606609703,-81.29208636016624,2.8609792490763984e-17
1079.7751623277093,0.021263721863738868,-0.1442621779824512,-16.723607170744728,-81.61518401214529,2.797157557069881e-17
1122.018454301963,0.01972371682572103,-0.13904924242979463,-17.05011241281317,-81.92662546393913,2.797157557069881e-17
1165.9144011798312,0.018293160577229056,-0.13400940583901105,-17.377112533717547,-82.22679572415609,3.469446951953614e-18
1211.5276586285888,0.016964566591699176,-0.12913856926594386,-17.704572311699295,-82.51607091703843,0.0
1258.9254117941675,0.015730919399392886,-0.12443254226384147,-18.032458941335825,-82.79481804813732,0.0
1308.1774742601942,0.014585650806398528,-0.11988707018253608,-18.360741880491467,-83.063394833731,2.823925224926892e-17
1359.3563908785254,0.013522616432206078,-0.1154978583222802,-18.689392705147075,-83.32214958675979,1.4304896245381992e-17
1412.537544622754,0.012536072721536597,-0.11126059321366637,-19.018384971975347,-83.57142115266251,0.0
1467.799267622069,0.01162065455401944,-0.10717096128035611,-19.34769408848217,-83.81153888908044,0.0
1525.2229565390182,0.010771353547591999,-0.10322466512585438,-19.677297190498134,-84.0428226839421,2.797157557069881e-17
1584.893192461114,0.00998349712771294,-0.09941743766972617,-20.007173026776357,-84.26558300695537,2.797157557069881e-17
1646.8978654828688,0.009252728414211507,-0.09574505434279283,-20.337301850432027,-84.48012099001139,2.797157557069881e-17
1711.328304161781,0.008574986960447516,-0.09220334353523016,-20.66766531694521,-84.68672853244861,1.3985787785349405e-17
1778.2794100389228,0.007946490365064505,-0.08878819547632694,-20.998246388438698,-84.88568842753438,0.0
1847.8497974222907,0.007363716764640948,-0.08549556971007968,-21.32902924393871,-85.07727450689904,8.673617379884035e-19
1920.141938638801,0.0068233882056769925,-0.08232150131691975,-21.659999195324517,-85.26175180000254,1.3904866443919908e-17
1995.2623149688789,0.006322454886315702,-0.07926210601874142,-21.991142608675514,-85.4393767060296,1.3904866443919908e-17
2073.321573485954,0.005858080251739756,-0.07631358429207694,-22.32244683072821,-85.61039717589789,8.673617379884035e-19
2154.4346900318847,0.00542762692208284,-0.07347222460275395,-22.653900120162028,-85.77505290232439,1.411962612463446e-17
2238.72113856834,0.005028643427752154,-0.07073440586467578,-22.985491583440442,-85.93357551613347,8.673617379884035e-19
2326.305067153626,0.004658851724099215,-0.06809659921546796,-23.31721111494309,-86.08618878720408,1.3877787807814457e-17
2417.3154808041036,0.0043161354552482024,-0.06555536919261573,-23.649049341133797,-86.23310882864766,0.0
2511.88643150958,0.003998528935458686,-0.06310737438533617,-23.98099756852028,-86.37454430298264,1.734723475976807e-18
2610.157215682536,0.003704206815547948,-0.06074936762975888,-24.313047735171583,-86.51069662922852,6.992893892674703e-18
2712.272579332027,0.0034314744015250345,-0.05847819580798225,-24.645192365570455,-86.64176018998319,6.938893903907228e-18
2818.382931264452,0.003178758592607481,-0.05629079930519201,-24.977424528588706,-86.7679225376729,6.992893892674703e-18
2928.6445646252373,0.0029445994061276983,-0.054184211173229524,-25.30973779838451,-86.88936459927776,1.3904866443919908e-17
3043.219887107722,0.0027276420574251347,-0.05215555604373996,-25.64212621803133,-87.00626087893492,7.05981306231723e-18
3162.2776601683795,0.0025266295636081825,-0.05020204882927075,-25.97458426569881,-87.1187796579127,6.938893903907228e-18
3285.9932476006543,0.0023403958410106547,-0.048320993246393794,-26.30710682321586,-87.22708319152662,6.992893892674703e-18
3414.5488738336007,0.002167859267222031,-0.046509780191047456,-26.639689146856455,-87.33132790264087,6.952433221959954e-18
3548.133892335753,0.002008016679706777,-0.044765885992804795,-26.97232684019784,-87.43166457145948,0.0
3686.9450645195734,0.00185993778421823,-0.0430868705716378,-27.305015828910193,-87.52823852136775,6.952433221959954e-18
3831.186849557289,0.0017227599474347094,-0.04147037551793116,-27.637752337345447,-87.62118980063293,6.952433221959954e-18
3981.0717055349733,0.001595683349481167,-0.039914122113975596,-27.97053286680117,-87.71065335981565,0.0
4136.820402388507,0.0014779664732337905,-0.038415909312910806,-28.303354175343646,-87.79675922478154,2.168404344971009e-19
4298.662347082277,0.0013689219085257812,-0.036973611689070075,-28.63621325908133,-87.87963266523505,2.168404344971009e-19
4466.835921509631,0.0012679124505700584,-0.0355851773718742,-28.969107334787388,-87.95939435872643,2.168404344971009e-19
4641.588833612777,0.0011743474730819075,-0.03424862597381643,-29.30203382377638,-88.03616055010733,6.938893903907228e-18
4823.178482239304,0.0010876795577155782,-0.03296204652164828,-29.63499033694676,-88.11004320643247,6.942281208919283e-18
5011.87233627272,0.0010074013625195471,-0.031723595398604185,-29.967974660906556,-88.18115016732318,4.336808689942018e-19
5207.948328595465,0.0009330427131625273,-0.030531494304372686,-30.30098474510534,-88.24958529082468,0.0
5411.6952654646375,0.0008641679016844757,-0.02938402823852056,-30.634018689900753,-88.31544859480258,2.168404344971009e-19
5623.413251903491,0.0008003731784825916,-0.0282795435121884,-30.967074735492965,-88.37883639393543,3.469446951953614e-18
5843.414133735175,0.0007412844241514374,-0.027216445792093206,-31.300151251664666,-88.43984143237053,6.946513017424995e-18
6072.021956909884,0.0006865549886586453,-0.026193198180180163,-31.63324672826901,-88.49855301211721,3.471140604459642e-18
6309.57344480193,0.0006358636861541706,-0.025208319331657177,-31.96635976641148,-88.55505711725952,3.476216610979977e-18
6556.418494179785,0.0005889129344823122,-0.024260381613608464,-32.29948907027579,-88.60943653407517,0.0
6812.920690579615,0.0005454270291931967,-0.023348009305913475,-32.63263343954728,-88.66177096715168,0.0
7079.457843841381,0.0005051505425353867,-0.0224698768457854,-32.96579176239049,-88.71213715159453,3.469446951953614e-18
7356.422544596414,0.0004678468385552972,-0.021624707116882556,-33.29896300894086,-88.76060896142432,3.4732565087124975e-18
7644.222742526002,0.0004332966960339751,-0.020811269783633606,-33.632146225273225,-88.80725751426156,3.4732565087124975e-18
7943.282347242814,0.0004012970315590307,-0.02002837967114396,-33.9653405278124,-88.85215127239898,0.0
8254.041852680182,0.0003716597155610962,-0.019274895190815572,-34.298545098153646,-88.89535614036193,3.469870442581002e-18
8576.958985908937,0.00034421047464172627,-0.01854971681160856,-34.631759178263415,-88.93693555905713,3.471140604459642e-18
8912.50938133745,0.0003187878739850322,-0.017851785576698826,-34.96498206603232,-88.9769505966101,3.469870442581002e-18
9261.187281287937,0.0002952423740802121,-0.017180081665136505,-35.29821311115481,-89.01546003599047,3.469446951953614e-18
9623.506263980888,0.0002734354563882657,-0.0165336229979837,-35.6314517113116,-89.05252045952366,3.469446951953614e-18
10000.0,0.0002532388129651599,-0.015911463888302918,-35.964697308632864,-89.08818633038616,3.469446951953614e-18
10391.22303835169,0.00023453359540720679,-0.015312693734279157,-36.29794938642141,-89.12251007117986,2.710505431213761e-20
10797.751623277094,0.0002172097188138782,-0.014736435754684068,-36.631207466116976,-89.15554213967948,3.469870442581002e-18
11220.18454301963,0.00020116521677026401,-0.014181845765831251,-36.96447110448397,-89.18733110184549,1.734935221290501e-18
11659.144011798311,0.00018630564363723563,-0.013648110999123086,-37.29773989100614,-89.21792370219232,1.734935221290501e-18
12115.276586285876,0.00017254352070346284,-0.013134448958251964,-37.63101344547318,-89.2473649316006,0.0
12589.254117941662,0.00015979782300101842,-0.012640106315090176,-37.96429141574499,-89.2756980926592,0.0
13081.774742601929,0.00014799350381658696,-0.012164357843281948,-38.29757347568072,-89.30296486262112,0.0
13593.563908785241,0.00013706105414442002,-0.01170650538853747,-38.63085932322037,-89.32920535405526,1.734935221290501e-18
14125.375446227554,0.00012693609452621448,-0.011265876874621031,-38.96414867860778,-89.35445817327333,1.734723475976807e-18
14677.992676220705,0.00011755899690805182,-0.010841825344022924,-39.29744128274455,-89.3787604766095,1.7351998665963238e-18
15252.229565390198,0.0001088745343163561,-0.010433728032306262,-39.63073689566548,-89.40214802462795,1.3552527156068805e-20
15848.93192461114,0.00010083155631444901,-0.010040985475126444,-39.964035295126244,-89.42465523433103,0.0
16468.97865482869,9.338268834946268e-05,-0.009663020646929164,-40.297336275295315,-89.44631522943908,1.7347764147282416e-18
17113.28304161781,8.648405323698099e-05,-0.00929927813034521,-40.63063964554235,-89.46715988881029,1.3552527156068805e-20
17782.794100389227,8.009501315849522e-05,-0.008949223315314149,-40.963945229315925,-89.48721989306708,1.734935221290501e-18
18478.497974222908,7.417793066529988e-05,-0.0086123416269852,-41.29725286310412,-89.50652476949325,0.0
19201.41938638801,6.869794729244632e-05,-0.008288137781461173,-41.63056239547177,-89.52510293526444,0.0
19952.62314968879,6.362277848842477e-05,-0.007976135068470329,-41.96387368616869,-89.54298173907154,1.7347764147282416e-18
20733.21573485954,5.8922523660915855e-05,-0.007675874660071078,-42.297186605303835,-89.56018750119587,8.673882073641208e-19
21544.346900318822,5.456949022676486e-05,-0.007386914944515149,-42.63050103258033,-89.57674555209216,2.602226382293754e-18
22387.21138568338,5.0538030635773665e-05,-0.007108830884416447,-42.96381685658694,-89.59268026953353,8.674676106452505e-19
23263.05067153624,4.680439141342777e-05,-0.006841213398394483,-43.2971339741419,-89.60801511437131,6.776263578034403e-21
24173.154808041014,4.3346573337708033e-05,-0.006583668765383623,-43.63045228968521,-89.62277266496018,8.674676106452505e-19
25118.86431509582,4.014420193006495e-05,-0.006335818050821563,-43.96377171471564,-89.63697465029783,0.0
26101.572156825387,3.717840750083064e-05,-0.006097296553952935,-44.297092167269426,-89.65064198192609,8.674676106452505e-19
27122.725793320296,3.443171404514335e-05,-0.005867753275505989,-44.63041357143752,-89.66379478463945,8.673617379884035e-19
28183.82931264455,3.188793633719078e-05,-0.005646850405022869,-44.96373585691829,-89.67645242604492,0.0
29286.445646252374,2.953208461851809e-05,-0.005434262827145571,-45.297058958603394,-89.68863354501526,8.674212929479203e-19
30432.19887107722,2.7350276320585835e-05,-0.005229677646181552,-45.630382816194185,-89.70035607907728,8.673683554080606e-19
31622.776601683792,2.5329654302945643e-05,-0.005032793728294309,-45.96370737384645,-89.7116372907739,8.673683554080606e-19
32859.93247600654,2.34583111265663e-05,-0.0048433212606852115,-46.297032579841364,-89.72249379303855,0.0
34145.488738336004,2.172521891721079e-05,-0.004660981327153521,-46.63035838628082,-89.73294157361843,1.7347367108161212e-18
35481.33892335753,2.0120164406537284e-05,-0.004485505499441678,-46.963684748805136,-89.74299601858179,1.7347764147282416e-18
36869.450645195735,1.8633688768965052e-05,-0.00431663544379276,-47.2970116263317,-89.75267193494368,0.0
38311.86849557285,1.7257031900483178e-05,-0.0041541225421661745,-47.63033898081293,-89.7619835724427,8.673617379884035e-19
39810.71705534969,1.59820808116505e-05,-0.003997727527576564,-47.96366677701201,-89.7709446445006,0.0
41368.20402388503,1.4801321831189714e-05,-0.0038472201330391484,-48.29699498229532,-89.77956834839493,4.336941036820604e-19
42986.62347082272,1.370779633895659e-05,-0.003702378753622611,-48.63032356644008,-89.78786738467451,1.6940658945086007e-21
44668.359215096345,1.2695059767797483e-05,-0.0035629901211278957,-48.963652501456316,-89.79585397584566,4.336841777040303e-19
46415.88833612782,1.175714363301598e-05,-0.003428848990928235,-49.29698176142183,-89.80353988435651,1.6940658945086007e-21
48231.78482239309,1.0888520365961424e-05,-0.0032997578405218864,-49.63031132232953,-89.81093642990588,0.0
50118.72336272725,1.008407074473736e-05,-0.0031755265793651567,-49.963641161945915,-89.81805450610163,1.6940658945086007e-21
52079.48328595465,9.339053730295849e-06,-0.003055972269568438,-50.29697125968005,-89.82490459649311,4.336941036820604e-19
54116.952654646375,8.649078530329361e-06,-0.002940918857053002,-50.6303015964622,-89.83149679000098,0.0
56234.13251903491,8.010078726474419e-06,-0.0028301969127806667,-50.96363215463153,-89.83784079576712,1.6940658945086007e-21
58434.14133735175,7.418288312478476e-06,-0.002723643383682414,-51.29696291783192,-89.84394595744625,0.0
60720.21956909884,6.870219502224159e-06,-0.0026211013529255506,-51.63029387091565,-89.84982126696013,4.336841777040303e-19
63095.7344480193,6.36264217691892e-06,-0.0025224198091720277,-51.96362499985408,-89.85547537773476,4.336816961740255e-19
65564.18494179785,5.892564850404224e-06,-0.0024274534244931884,-52.296956291655015,-89.86091661743963,4.336841777040303e-19
68129.20690579608,5.457217040473248e-06,-0.0023360623406183793,-52.6302877342861,-89.866153000248,4.336883135558181e-19
70794.57843841374,5.054032942361875e-06,-0.0022481119632066578,-52.96361931660394,-89.87119223863598,0.0
73564.22544596407,4.680636308243228e-06,-0.002163472763842193,-53.296951028288404,-89.87604175473778,0.0
76442.22742525995,4.334826443655916e-06,-0.0020820200894649454,-53.63028285978181,-89.88070869127394,4.336841777040303e-19
79432.82347242821,4.014565238372327e-06,-0.0020036339789588,-53.96361480223261,-89.88519992206822,0.0
82540.41852680189,3.7179651553043217e-06,-0.0019281989866296023,-54.29694684744316,-89.88952206216916,2.1684208885201515e-19
85769.58985908946,3.443278106684768e-06,-0.0018556040123153023,-54.63027898782153,-89.89368147759052,4.336827301465864e-19
89125.0938133746,3.1888851519891207e-06,-0.001785742137880105,-54.96361121633663,-89.89768429468536,2.1684415677790904e-19
92611.87281287937,2.953286956900092e-06,-0.0017185104698535418,-55.296943526476866,-89.90153640916745,2.1684084808701273e-19
96235.06263980888,2.735094957101138e-06,-0.0016538099879843252,-55.63027591221169,-89.90524349479317,2.1684084808701273e-19
100000.0,2.5330231748357887e-06,-0.0015915453994873614,-55.963608367956105,-89.90881101171665,2.1684084808701273e-19
