circuit,quantity,unit,python,analytic,abs_error
divider,V_in,V,5.0,5,0.0
divider,V_out,V,3.333333333333333,3.3333333333333335,4.440892098500626e-16
divider,I_V1_in_to_ground,A,-0.001666666666666667,-0.0016666666666666668,2.168404344971009e-19
divider,I_R1_in_to_out,A,0.001666666666666667,0.0016666666666666668,2.168404344971009e-19
divider,I_R2_out_to_ground,A,0.0016666666666666666,0.0016666666666666668,2.168404344971009e-19
floating_source,V_n1,V,1.3333333333333335,1.3333333333333333,2.220446049250313e-16
floating_source,V_n2,V,-0.6666666666666666,-0.6666666666666666,0.0
floating_source,I_V1_n1_to_n2,A,-0.0013333333333333335,-0.0013333333333333333,2.168404344971009e-19
floating_source,I_R1_n1_to_ground,A,0.0013333333333333335,0.0013333333333333333,2.168404344971009e-19
floating_source,I_R2_n2_to_ground,A,-0.0003333333333333333,-0.0003333333333333333,0.0
