time_s,V_in,V_out,I_V1_A,analytic_V_out,error_V
0.0,5.0,0.0,-0.005,0.0,0.0
0.0002,5.0,0.8333333333333333,-0.004166666666666667,0.9063462346100909,-0.07301290127675764
0.0004,5.0,1.5277777777777777,-0.0034722222222222225,1.6483997698218034,-0.12062199204402568
0.0006000000000000001,5.0,2.1064814814814814,-0.002893518518518519,2.255941819529868,-0.14946033804838654
0.0008,5.0,2.5887345679012346,-0.0024112654320987653,2.753355179413892,-0.1646206115126576
0.001,5.0,2.9906121399176953,-0.002009387860082305,3.1606027941427883,-0.16999065422509307
0.0012000000000000001,5.0,3.325510116598079,-0.001674489883401921,3.49402894043899,-0.16851882384091077
0.0014,5.0,3.6045917638317326,-0.0013954082361682676,3.767015180291968,-0.16242341646023517
0.0016,5.0,3.8371598031931105,-0.0011628401968068894,3.9905174100267233,-0.15335760683361288
0.0018000000000000002,5.0,4.030966502660926,-0.0009690334973390747,4.173505558892067,-0.14253905623114171
0.002,5.0,4.192472085550771,-0.0008075279144492287,4.323323583816936,-0.13085149826616504
0.0022,5.0,4.327060071292309,-0.0006729399287076906,4.445984208188331,-0.11892413689602144
0.0024000000000000002,5.0,4.439216726076925,-0.0005607832739230748,4.546410233552938,-0.10719350747601286
0.0026000000000000003,5.0,4.532680605064104,-0.0004673193949358964,4.628632108928331,-0.09595150386422713
0.0028,5.0,4.610567170886753,-0.00038943282911324713,4.69594968687391,-0.08538251598715707
0.003,5.0,4.675472642405627,-0.0003245273575943723,4.75106465816068,-0.0755920157550527
0.0032,5.0,4.729560535338023,-0.0002704394646619772,4.79618898010817,-0.06662844477014662
0.0034000000000000002,5.0,4.774633779448353,-0.00022536622055164754,4.83313365019837,-0.05849987075001728
0.0036000000000000003,5.0,4.8121948162069605,-0.00018780518379303904,4.863381387763537,-0.05118657155657669
0.0038,5.0,4.843495680172467,-0.0001565043198275334,4.888146140719172,-0.04465046054670552
0.004,5.0,4.869579733477056,-0.00013042026652294435,4.908421805556329,-0.03884207207927304
0.004200000000000001,5.0,4.891316444564213,-0.00010868355543578682,4.925022115897612,-0.03370567133339897
0.0044,5.0,4.909430370470178,-9.056962952982278e-05,4.938613300484658,-0.029182930014480135
0.0046,5.0,4.924525308725148,-7.547469127485232e-05,4.949740821276833,-0.02521551255168486
0.0048000000000000004,5.0,4.937104423937623,-6.289557606237693e-05,4.9588512647549,-0.021746840817276514
0.005,5.0,4.94758701994802,-5.241298005198049e-05,4.966310265004573,-0.018723245056553317
